1450509226,0,0adb6ada-6978-4d95-801f-b03289a6c12c,click
1450510655,0,0adb6ada-6978-4d95-801f-b03289a6c12c,purchase
1450511343,0,0adb6ada-6978-4d95-801f-b03289a6c12c,click
1450519248,0,0adb6ada-6978-4d95-801f-b03289a6c12c,visit
1450522629,0,0adb6ada-6978-4d95-801f-b03289a6c12c,visit
1450522929,0,0adb6ada-6978-4d95-801f-b03289a6c12c,purchase
1450523890,0,0adb6ada-6978-4d95-801f-b03289a6c12c,purchase
1450524436,0,0adb6ada-6978-4d95-801f-b03289a6c12c,purchase
1450526246,0,0adb6ada-6978-4d95-801f-b03289a6c12c,purchase
1450528999,0,0adb6ada-6978-4d95-801f-b03289a6c12c,click
1450530415,0,0adb6ada-6978-4d95-801f-b03289a6c12c,visit
1450530808,0,0adb6ada-6978-4d95-801f-b03289a6c12c,visit
1450535325,0,0adb6ada-6978-4d95-801f-b03289a6c12c,click
1450538567,0,0adb6ada-6978-4d95-801f-b03289a6c12c,visit
1450541088,0,0adb6ada-6978-4d95-801f-b03289a6c12c,purchase
1450541514,0,0adb6ada-6978-4d95-801f-b03289a6c12c,click
1450547716,0,0adb6ada-6978-4d95-801f-b03289a6c12c,click
1450548291,0,0adb6ada-6978-4d95-801f-b03289a6c12c,visit
1450551548,0,0adb6ada-6978-4d95-801f-b03289a6c12c,click
1450552636,0,0adb6ada-6978-4d95-801f-b03289a6c12c,purchase
1450553301,0,0adb6ada-6978-4d95-801f-b03289a6c12c,click
1450556317,0,0adb6ada-6978-4d95-801f-b03289a6c12c,visit
1450557944,0,0adb6ada-6978-4d95-801f-b03289a6c12c,purchase
1450560589,0,0adb6ada-6978-4d95-801f-b03289a6c12c,visit
1450568038,0,0adb6ada-6978-4d95-801f-b03289a6c12c,purchase
1450570237,0,0adb6ada-6978-4d95-801f-b03289a6c12c,click
1450579072,0,0adb6ada-6978-4d95-801f-b03289a6c12c,click
1450585791,0,0adb6ada-6978-4d95-801f-b03289a6c12c,visit
1450507690,0,426da729-1c9a-4705-ba95-81609304ab50,click
1450508161,0,426da729-1c9a-4705-ba95-81609304ab50,purchase
1450511459,0,426da729-1c9a-4705-ba95-81609304ab50,click
1450512405,0,426da729-1c9a-4705-ba95-81609304ab50,purchase
1450530508,0,426da729-1c9a-4705-ba95-81609304ab50,click
1450530656,0,426da729-1c9a-4705-ba95-81609304ab50,purchase
1450531608,0,426da729-1c9a-4705-ba95-81609304ab50,click
1450532750,0,426da729-1c9a-4705-ba95-81609304ab50,click
1450535769,0,426da729-1c9a-4705-ba95-81609304ab50,purchase
1450539256,0,426da729-1c9a-4705-ba95-81609304ab50,visit
1450541971,0,426da729-1c9a-4705-ba95-81609304ab50,visit
1450542074,0,426da729-1c9a-4705-ba95-81609304ab50,purchase
1450542788,0,426da729-1c9a-4705-ba95-81609304ab50,visit
1450543625,0,426da729-1c9a-4705-ba95-81609304ab50,click
1450547876,0,426da729-1c9a-4705-ba95-81609304ab50,click
1450552039,0,426da729-1c9a-4705-ba95-81609304ab50,click
1450560489,0,426da729-1c9a-4705-ba95-81609304ab50,purchase
1450566115,0,426da729-1c9a-4705-ba95-81609304ab50,purchase
1450567156,0,426da729-1c9a-4705-ba95-81609304ab50,visit
1450571040,0,426da729-1c9a-4705-ba95-81609304ab50,click
1450571080,0,426da729-1c9a-4705-ba95-81609304ab50,visit
1450577075,0,426da729-1c9a-4705-ba95-81609304ab50,click
1450577297,0,426da729-1c9a-4705-ba95-81609304ab50,purchase
1450578260,0,426da729-1c9a-4705-ba95-81609304ab50,purchase
1450581702,0,426da729-1c9a-4705-ba95-81609304ab50,purchase
1450587121,0,426da729-1c9a-4705-ba95-81609304ab50,click
1450509932,0,4c553588-16dc-4337-b6d2-af5cbb0bea9b,purchase
1450510704,0,4c553588-16dc-4337-b6d2-af5cbb0bea9b,purchase
1450511257,0,4c553588-16dc-4337-b6d2-af5cbb0bea9b,visit
1450512803,0,4c553588-16dc-4337-b6d2-af5cbb0bea9b,purchase
1450517127,0,4c553588-16dc-4337-b6d2-af5cbb0bea9b,click
1450519900,0,4c553588-16dc-4337-b6d2-af5cbb0bea9b,purchase
1450521713,0,4c553588-16dc-4337-b6d2-af5cbb0bea9b,purchase
1450526906,0,4c553588-16dc-4337-b6d2-af5cbb0bea9b,purchase
1450530208,0,4c553588-16dc-4337-b6d2-af5cbb0bea9b,click
1450531132,0,4c553588-16dc-4337-b6d2-af5cbb0bea9b,visit
1450537564,0,4c553588-16dc-4337-b6d2-af5cbb0bea9b,purchase
1450540838,0,4c553588-16dc-4337-b6d2-af5cbb0bea9b,visit
1450541688,0,4c553588-16dc-4337-b6d2-af5cbb0bea9b,click
1450543027,0,4c553588-16dc-4337-b6d2-af5cbb0bea9b,click
1450551508,0,4c553588-16dc-4337-b6d2-af5cbb0bea9b,click
1450554565,0,4c553588-16dc-4337-b6d2-af5cbb0bea9b,visit
1450558553,0,4c553588-16dc-4337-b6d2-af5cbb0bea9b,click
1450559422,0,4c553588-16dc-4337-b6d2-af5cbb0bea9b,click
1450566431,0,4c553588-16dc-4337-b6d2-af5cbb0bea9b,purchase
1450567848,0,4c553588-16dc-4337-b6d2-af5cbb0bea9b,purchase
1450569279,0,4c553588-16dc-4337-b6d2-af5cbb0bea9b,visit
1450569796,0,4c553588-16dc-4337-b6d2-af5cbb0bea9b,click
1450569982,0,4c553588-16dc-4337-b6d2-af5cbb0bea9b,click
1450570595,0,4c553588-16dc-4337-b6d2-af5cbb0bea9b,visit
1450574099,0,4c553588-16dc-4337-b6d2-af5cbb0bea9b,purchase
1450587185,0,4c553588-16dc-4337-b6d2-af5cbb0bea9b,purchase
1450514190,0,58f4c3e2-dd3e-4abc-bfe1-967e43a6d84e,purchase
1450516222,0,58f4c3e2-dd3e-4abc-bfe1-967e43a6d84e,purchase
1450516439,0,58f4c3e2-dd3e-4abc-bfe1-967e43a6d84e,purchase
1450517425,0,58f4c3e2-dd3e-4abc-bfe1-967e43a6d84e,visit
1450519461,0,58f4c3e2-dd3e-4abc-bfe1-967e43a6d84e,purchase
1450520957,0,58f4c3e2-dd3e-4abc-bfe1-967e43a6d84e,purchase
1450522036,0,58f4c3e2-dd3e-4abc-bfe1-967e43a6d84e,visit
1450522429,0,58f4c3e2-dd3e-4abc-bfe1-967e43a6d84e,purchase
1450525442,0,58f4c3e2-dd3e-4abc-bfe1-967e43a6d84e,click
1450528874,0,58f4c3e2-dd3e-4abc-bfe1-967e43a6d84e,click
1450529572,0,58f4c3e2-dd3e-4abc-bfe1-967e43a6d84e,visit
1450530432,0,58f4c3e2-dd3e-4abc-bfe1-967e43a6d84e,click
1450533910,0,58f4c3e2-dd3e-4abc-bfe1-967e43a6d84e,purchase
1450538338,0,58f4c3e2-dd3e-4abc-bfe1-967e43a6d84e,visit
1450538396,0,58f4c3e2-dd3e-4abc-bfe1-967e43a6d84e,click
1450540538,0,58f4c3e2-dd3e-4abc-bfe1-967e43a6d84e,click
1450540678,0,58f4c3e2-dd3e-4abc-bfe1-967e43a6d84e,purchase
1450541357,0,58f4c3e2-dd3e-4abc-bfe1-967e43a6d84e,purchase
1450542631,0,58f4c3e2-dd3e-4abc-bfe1-967e43a6d84e,visit
1450545153,0,58f4c3e2-dd3e-4abc-bfe1-967e43a6d84e,visit
1450545912,0,58f4c3e2-dd3e-4abc-bfe1-967e43a6d84e,visit
1450552096,0,58f4c3e2-dd3e-4abc-bfe1-967e43a6d84e,click
1450552768,0,58f4c3e2-dd3e-4abc-bfe1-967e43a6d84e,purchase
1450560665,0,58f4c3e2-dd3e-4abc-bfe1-967e43a6d84e,purchase
1450564869,0,58f4c3e2-dd3e-4abc-bfe1-967e43a6d84e,click
1450564938,0,58f4c3e2-dd3e-4abc-bfe1-967e43a6d84e,click
1450565759,0,58f4c3e2-dd3e-4abc-bfe1-967e43a6d84e,click
1450566407,0,58f4c3e2-dd3e-4abc-bfe1-967e43a6d84e,purchase
1450569638,0,58f4c3e2-dd3e-4abc-bfe1-967e43a6d84e,visit
1450571422,0,58f4c3e2-dd3e-4abc-bfe1-967e43a6d84e,visit
1450575365,0,58f4c3e2-dd3e-4abc-bfe1-967e43a6d84e,purchase
1450576045,0,58f4c3e2-dd3e-4abc-bfe1-967e43a6d84e,purchase
1450578795,0,58f4c3e2-dd3e-4abc-bfe1-967e43a6d84e,visit
1450579172,0,58f4c3e2-dd3e-4abc-bfe1-967e43a6d84e,click
1450580484,0,58f4c3e2-dd3e-4abc-bfe1-967e43a6d84e,purchase
1450582166,0,58f4c3e2-dd3e-4abc-bfe1-967e43a6d84e,visit
1450582684,0,58f4c3e2-dd3e-4abc-bfe1-967e43a6d84e,visit
1450585540,0,58f4c3e2-dd3e-4abc-bfe1-967e43a6d84e,visit
1450585615,0,58f4c3e2-dd3e-4abc-bfe1-967e43a6d84e,visit
1450508103,0,6507f07f-be06-4355-9067-ab7dcba6a895,visit
1450515851,0,6507f07f-be06-4355-9067-ab7dcba6a895,visit
1450516686,0,6507f07f-be06-4355-9067-ab7dcba6a895,visit
1450520850,0,6507f07f-be06-4355-9067-ab7dcba6a895,click
1450522702,0,6507f07f-be06-4355-9067-ab7dcba6a895,visit
1450525613,0,6507f07f-be06-4355-9067-ab7dcba6a895,purchase
1450531336,0,6507f07f-be06-4355-9067-ab7dcba6a895,click
1450536792,0,6507f07f-be06-4355-9067-ab7dcba6a895,visit
1450543186,0,6507f07f-be06-4355-9067-ab7dcba6a895,visit
1450543370,0,6507f07f-be06-4355-9067-ab7dcba6a895,visit
1450550718,0,6507f07f-be06-4355-9067-ab7dcba6a895,visit
1450551527,0,6507f07f-be06-4355-9067-ab7dcba6a895,click
1450552996,0,6507f07f-be06-4355-9067-ab7dcba6a895,visit
1450555530,0,6507f07f-be06-4355-9067-ab7dcba6a895,click
1450557888,0,6507f07f-be06-4355-9067-ab7dcba6a895,purchase
1450559264,0,6507f07f-be06-4355-9067-ab7dcba6a895,visit
1450560022,0,6507f07f-be06-4355-9067-ab7dcba6a895,purchase
1450561864,0,6507f07f-be06-4355-9067-ab7dcba6a895,click
1450564843,0,6507f07f-be06-4355-9067-ab7dcba6a895,visit
1450565363,0,6507f07f-be06-4355-9067-ab7dcba6a895,visit
1450566463,0,6507f07f-be06-4355-9067-ab7dcba6a895,visit
1450571328,0,6507f07f-be06-4355-9067-ab7dcba6a895,visit
1450571918,0,6507f07f-be06-4355-9067-ab7dcba6a895,purchase
1450573661,0,6507f07f-be06-4355-9067-ab7dcba6a895,click
1450578419,0,6507f07f-be06-4355-9067-ab7dcba6a895,visit
1450580724,0,6507f07f-be06-4355-9067-ab7dcba6a895,purchase
1450584355,0,6507f07f-be06-4355-9067-ab7dcba6a895,purchase
1450585441,0,6507f07f-be06-4355-9067-ab7dcba6a895,visit
1450585569,0,6507f07f-be06-4355-9067-ab7dcba6a895,visit
1450587176,0,6507f07f-be06-4355-9067-ab7dcba6a895,click
1450504847,0,7c141314-7b8a-48b5-845d-821fcbafed53,click
1450507939,0,7c141314-7b8a-48b5-845d-821fcbafed53,visit
1450513249,0,7c141314-7b8a-48b5-845d-821fcbafed53,visit
1450520120,0,7c141314-7b8a-48b5-845d-821fcbafed53,purchase
1450521348,0,7c141314-7b8a-48b5-845d-821fcbafed53,purchase
1450521557,0,7c141314-7b8a-48b5-845d-821fcbafed53,purchase
1450522738,0,7c141314-7b8a-48b5-845d-821fcbafed53,purchase
1450526833,0,7c141314-7b8a-48b5-845d-821fcbafed53,visit
1450534567,0,7c141314-7b8a-48b5-845d-821fcbafed53,purchase
1450536120,0,7c141314-7b8a-48b5-845d-821fcbafed53,visit
1450539760,0,7c141314-7b8a-48b5-845d-821fcbafed53,purchase
1450540508,0,7c141314-7b8a-48b5-845d-821fcbafed53,click
1450541173,0,7c141314-7b8a-48b5-845d-821fcbafed53,click
1450541234,0,7c141314-7b8a-48b5-845d-821fcbafed53,purchase
1450547761,0,7c141314-7b8a-48b5-845d-821fcbafed53,purchase
1450550136,0,7c141314-7b8a-48b5-845d-821fcbafed53,visit
1450550479,0,7c141314-7b8a-48b5-845d-821fcbafed53,visit
1450550656,0,7c141314-7b8a-48b5-845d-821fcbafed53,click
1450556202,0,7c141314-7b8a-48b5-845d-821fcbafed53,visit
1450558343,0,7c141314-7b8a-48b5-845d-821fcbafed53,purchase
1450561599,0,7c141314-7b8a-48b5-845d-821fcbafed53,click
1450563443,0,7c141314-7b8a-48b5-845d-821fcbafed53,purchase
1450568801,0,7c141314-7b8a-48b5-845d-821fcbafed53,visit
1450572122,0,7c141314-7b8a-48b5-845d-821fcbafed53,click
1450572995,0,7c141314-7b8a-48b5-845d-821fcbafed53,visit
1450576342,0,7c141314-7b8a-48b5-845d-821fcbafed53,click
1450576441,0,7c141314-7b8a-48b5-845d-821fcbafed53,visit
1450576523,0,7c141314-7b8a-48b5-845d-821fcbafed53,click
1450577078,0,7c141314-7b8a-48b5-845d-821fcbafed53,purchase
1450578321,0,7c141314-7b8a-48b5-845d-821fcbafed53,click
1450505441,0,7fe40811-7d3b-42b9-83ff-58eee06859d9,visit
1450505699,0,7fe40811-7d3b-42b9-83ff-58eee06859d9,click
1450511271,0,7fe40811-7d3b-42b9-83ff-58eee06859d9,click
1450516118,0,7fe40811-7d3b-42b9-83ff-58eee06859d9,click
1450522185,0,7fe40811-7d3b-42b9-83ff-58eee06859d9,click
1450522597,0,7fe40811-7d3b-42b9-83ff-58eee06859d9,visit
1450523743,0,7fe40811-7d3b-42b9-83ff-58eee06859d9,visit
1450527191,0,7fe40811-7d3b-42b9-83ff-58eee06859d9,click
1450528825,0,7fe40811-7d3b-42b9-83ff-58eee06859d9,purchase
1450530101,0,7fe40811-7d3b-42b9-83ff-58eee06859d9,click
1450539340,0,7fe40811-7d3b-42b9-83ff-58eee06859d9,click
1450539480,0,7fe40811-7d3b-42b9-83ff-58eee06859d9,purchase
1450540509,0,7fe40811-7d3b-42b9-83ff-58eee06859d9,purchase
1450541547,0,7fe40811-7d3b-42b9-83ff-58eee06859d9,visit
1450544302,0,7fe40811-7d3b-42b9-83ff-58eee06859d9,purchase
1450547623,0,7fe40811-7d3b-42b9-83ff-58eee06859d9,purchase
1450557743,0,7fe40811-7d3b-42b9-83ff-58eee06859d9,purchase
1450562776,0,7fe40811-7d3b-42b9-83ff-58eee06859d9,click
1450564128,0,7fe40811-7d3b-42b9-83ff-58eee06859d9,purchase
1450566415,0,7fe40811-7d3b-42b9-83ff-58eee06859d9,visit
1450567026,0,7fe40811-7d3b-42b9-83ff-58eee06859d9,visit
1450570537,0,7fe40811-7d3b-42b9-83ff-58eee06859d9,click
1450571378,0,7fe40811-7d3b-42b9-83ff-58eee06859d9,click
1450577702,0,7fe40811-7d3b-42b9-83ff-58eee06859d9,visit
1450578058,0,7fe40811-7d3b-42b9-83ff-58eee06859d9,click
1450578988,0,7fe40811-7d3b-42b9-83ff-58eee06859d9,click
1450580352,0,7fe40811-7d3b-42b9-83ff-58eee06859d9,visit
1450581212,0,7fe40811-7d3b-42b9-83ff-58eee06859d9,purchase
1450583934,0,7fe40811-7d3b-42b9-83ff-58eee06859d9,click
1450507991,0,9e577b56-47a2-4d6b-9754-baadb0472b79,click
1450510602,0,9e577b56-47a2-4d6b-9754-baadb0472b79,purchase
1450515588,0,9e577b56-47a2-4d6b-9754-baadb0472b79,visit
1450516501,0,9e577b56-47a2-4d6b-9754-baadb0472b79,click
1450518580,0,9e577b56-47a2-4d6b-9754-baadb0472b79,click
1450518954,0,9e577b56-47a2-4d6b-9754-baadb0472b79,visit
1450519749,0,9e577b56-47a2-4d6b-9754-baadb0472b79,click
1450524154,0,9e577b56-47a2-4d6b-9754-baadb0472b79,purchase
1450524392,0,9e577b56-47a2-4d6b-9754-baadb0472b79,visit
1450526262,0,9e577b56-47a2-4d6b-9754-baadb0472b79,visit
1450526560,0,9e577b56-47a2-4d6b-9754-baadb0472b79,visit
1450532347,0,9e577b56-47a2-4d6b-9754-baadb0472b79,purchase
1450536679,0,9e577b56-47a2-4d6b-9754-baadb0472b79,click
1450541262,0,9e577b56-47a2-4d6b-9754-baadb0472b79,visit
1450542128,0,9e577b56-47a2-4d6b-9754-baadb0472b79,visit
1450544408,0,9e577b56-47a2-4d6b-9754-baadb0472b79,purchase
1450544864,0,9e577b56-47a2-4d6b-9754-baadb0472b79,visit
1450544936,0,9e577b56-47a2-4d6b-9754-baadb0472b79,visit
1450545009,0,9e577b56-47a2-4d6b-9754-baadb0472b79,purchase
1450547135,0,9e577b56-47a2-4d6b-9754-baadb0472b79,purchase
1450549564,0,9e577b56-47a2-4d6b-9754-baadb0472b79,purchase
1450550080,0,9e577b56-47a2-4d6b-9754-baadb0472b79,purchase
1450551492,0,9e577b56-47a2-4d6b-9754-baadb0472b79,click
1450552270,0,9e577b56-47a2-4d6b-9754-baadb0472b79,visit
1450556135,0,9e577b56-47a2-4d6b-9754-baadb0472b79,visit
1450556678,0,9e577b56-47a2-4d6b-9754-baadb0472b79,purchase
1450558415,0,9e577b56-47a2-4d6b-9754-baadb0472b79,visit
1450559550,0,9e577b56-47a2-4d6b-9754-baadb0472b79,visit
1450563882,0,9e577b56-47a2-4d6b-9754-baadb0472b79,purchase
1450564463,0,9e577b56-47a2-4d6b-9754-baadb0472b79,visit
1450568291,0,9e577b56-47a2-4d6b-9754-baadb0472b79,click
1450569493,0,9e577b56-47a2-4d6b-9754-baadb0472b79,click
1450570593,0,9e577b56-47a2-4d6b-9754-baadb0472b79,click
1450578364,0,9e577b56-47a2-4d6b-9754-baadb0472b79,visit
1450578700,0,9e577b56-47a2-4d6b-9754-baadb0472b79,visit
1450579642,0,9e577b56-47a2-4d6b-9754-baadb0472b79,click
1450580837,0,9e577b56-47a2-4d6b-9754-baadb0472b79,click
1450582855,0,9e577b56-47a2-4d6b-9754-baadb0472b79,visit
1450506101,0,a4bc67e6-9c4a-4e55-9d76-c3a19bcc225e,visit
1450507171,0,a4bc67e6-9c4a-4e55-9d76-c3a19bcc225e,visit
1450511648,0,a4bc67e6-9c4a-4e55-9d76-c3a19bcc225e,click
1450513648,0,a4bc67e6-9c4a-4e55-9d76-c3a19bcc225e,visit
1450514137,0,a4bc67e6-9c4a-4e55-9d76-c3a19bcc225e,visit
1450518217,0,a4bc67e6-9c4a-4e55-9d76-c3a19bcc225e,visit
1450519405,0,a4bc67e6-9c4a-4e55-9d76-c3a19bcc225e,purchase
1450521547,0,a4bc67e6-9c4a-4e55-9d76-c3a19bcc225e,click
1450526577,0,a4bc67e6-9c4a-4e55-9d76-c3a19bcc225e,click
1450528983,0,a4bc67e6-9c4a-4e55-9d76-c3a19bcc225e,visit
1450529884,0,a4bc67e6-9c4a-4e55-9d76-c3a19bcc225e,purchase
1450532068,0,a4bc67e6-9c4a-4e55-9d76-c3a19bcc225e,click
1450533314,0,a4bc67e6-9c4a-4e55-9d76-c3a19bcc225e,visit
1450535058,0,a4bc67e6-9c4a-4e55-9d76-c3a19bcc225e,purchase
1450540700,0,a4bc67e6-9c4a-4e55-9d76-c3a19bcc225e,click
1450546138,0,a4bc67e6-9c4a-4e55-9d76-c3a19bcc225e,purchase
1450550829,0,a4bc67e6-9c4a-4e55-9d76-c3a19bcc225e,click
1450551625,0,a4bc67e6-9c4a-4e55-9d76-c3a19bcc225e,click
1450552979,0,a4bc67e6-9c4a-4e55-9d76-c3a19bcc225e,purchase
1450558202,0,a4bc67e6-9c4a-4e55-9d76-c3a19bcc225e,visit
1450559331,0,a4bc67e6-9c4a-4e55-9d76-c3a19bcc225e,visit
1450560196,0,a4bc67e6-9c4a-4e55-9d76-c3a19bcc225e,click
1450561473,0,a4bc67e6-9c4a-4e55-9d76-c3a19bcc225e,visit
1450563285,0,a4bc67e6-9c4a-4e55-9d76-c3a19bcc225e,click
1450564586,0,a4bc67e6-9c4a-4e55-9d76-c3a19bcc225e,purchase
1450566235,0,a4bc67e6-9c4a-4e55-9d76-c3a19bcc225e,visit
1450573109,0,a4bc67e6-9c4a-4e55-9d76-c3a19bcc225e,visit
1450574631,0,a4bc67e6-9c4a-4e55-9d76-c3a19bcc225e,visit
1450576353,0,a4bc67e6-9c4a-4e55-9d76-c3a19bcc225e,purchase
1450577377,0,a4bc67e6-9c4a-4e55-9d76-c3a19bcc225e,purchase
1450582643,0,a4bc67e6-9c4a-4e55-9d76-c3a19bcc225e,click
1450582790,0,a4bc67e6-9c4a-4e55-9d76-c3a19bcc225e,click
1450582814,0,a4bc67e6-9c4a-4e55-9d76-c3a19bcc225e,visit
1450520283,0,c51f66c9-9de0-457a-8f5d-4188b48c3e12,purchase
1450521081,0,c51f66c9-9de0-457a-8f5d-4188b48c3e12,purchase
1450523189,0,c51f66c9-9de0-457a-8f5d-4188b48c3e12,visit
1450525750,0,c51f66c9-9de0-457a-8f5d-4188b48c3e12,visit
1450543757,0,c51f66c9-9de0-457a-8f5d-4188b48c3e12,purchase
1450546189,0,c51f66c9-9de0-457a-8f5d-4188b48c3e12,visit
1450550527,0,c51f66c9-9de0-457a-8f5d-4188b48c3e12,visit
1450555813,0,c51f66c9-9de0-457a-8f5d-4188b48c3e12,click
1450560736,0,c51f66c9-9de0-457a-8f5d-4188b48c3e12,purchase
1450565666,0,c51f66c9-9de0-457a-8f5d-4188b48c3e12,visit
1450566737,0,c51f66c9-9de0-457a-8f5d-4188b48c3e12,purchase
1450567502,0,c51f66c9-9de0-457a-8f5d-4188b48c3e12,purchase
1450569284,0,c51f66c9-9de0-457a-8f5d-4188b48c3e12,visit
1450575333,0,c51f66c9-9de0-457a-8f5d-4188b48c3e12,click
1450580460,0,c51f66c9-9de0-457a-8f5d-4188b48c3e12,visit
1450584089,0,c51f66c9-9de0-457a-8f5d-4188b48c3e12,purchase
1450506660,1,0adb6ada-6978-4d95-801f-b03289a6c12c,visit
1450509238,1,0adb6ada-6978-4d95-801f-b03289a6c12c,visit
1450509849,1,0adb6ada-6978-4d95-801f-b03289a6c12c,visit
1450516048,1,0adb6ada-6978-4d95-801f-b03289a6c12c,visit
1450521422,1,0adb6ada-6978-4d95-801f-b03289a6c12c,purchase
1450523475,1,0adb6ada-6978-4d95-801f-b03289a6c12c,visit
1450525284,1,0adb6ada-6978-4d95-801f-b03289a6c12c,purchase
1450526186,1,0adb6ada-6978-4d95-801f-b03289a6c12c,click
1450528979,1,0adb6ada-6978-4d95-801f-b03289a6c12c,click
1450530544,1,0adb6ada-6978-4d95-801f-b03289a6c12c,visit
1450530822,1,0adb6ada-6978-4d95-801f-b03289a6c12c,visit
1450531588,1,0adb6ada-6978-4d95-801f-b03289a6c12c,purchase
1450533694,1,0adb6ada-6978-4d95-801f-b03289a6c12c,visit
1450536134,1,0adb6ada-6978-4d95-801f-b03289a6c12c,visit
1450541162,1,0adb6ada-6978-4d95-801f-b03289a6c12c,purchase
1450541493,1,0adb6ada-6978-4d95-801f-b03289a6c12c,visit
1450545598,1,0adb6ada-6978-4d95-801f-b03289a6c12c,visit
1450546052,1,0adb6ada-6978-4d95-801f-b03289a6c12c,purchase
1450547883,1,0adb6ada-6978-4d95-801f-b03289a6c12c,visit
1450549275,1,0adb6ada-6978-4d95-801f-b03289a6c12c,purchase
1450554284,1,0adb6ada-6978-4d95-801f-b03289a6c12c,click
1450556770,1,0adb6ada-6978-4d95-801f-b03289a6c12c,visit
1450558320,1,0adb6ada-6978-4d95-801f-b03289a6c12c,click
1450562841,1,0adb6ada-6978-4d95-801f-b03289a6c12c,purchase
1450567463,1,0adb6ada-6978-4d95-801f-b03289a6c12c,purchase
1450570484,1,0adb6ada-6978-4d95-801f-b03289a6c12c,visit
1450575020,1,0adb6ada-6978-4d95-801f-b03289a6c12c,click
1450577840,1,0adb6ada-6978-4d95-801f-b03289a6c12c,visit
1450580118,1,0adb6ada-6978-4d95-801f-b03289a6c12c,click
1450582617,1,0adb6ada-6978-4d95-801f-b03289a6c12c,purchase
1450583912,1,0adb6ada-6978-4d95-801f-b03289a6c12c,visit
1450584562,1,0adb6ada-6978-4d95-801f-b03289a6c12c,purchase
1450584876,1,0adb6ada-6978-4d95-801f-b03289a6c12c,click
1450585380,1,0adb6ada-6978-4d95-801f-b03289a6c12c,visit
1450586264,1,0adb6ada-6978-4d95-801f-b03289a6c12c,purchase
1450587297,1,0adb6ada-6978-4d95-801f-b03289a6c12c,purchase
1450502954,1,426da729-1c9a-4705-ba95-81609304ab50,visit
1450510577,1,426da729-1c9a-4705-ba95-81609304ab50,click
1450513291,1,426da729-1c9a-4705-ba95-81609304ab50,click
1450513842,1,426da729-1c9a-4705-ba95-81609304ab50,click
1450520621,1,426da729-1c9a-4705-ba95-81609304ab50,click
1450523977,1,426da729-1c9a-4705-ba95-81609304ab50,click
1450528111,1,426da729-1c9a-4705-ba95-81609304ab50,visit
1450531456,1,426da729-1c9a-4705-ba95-81609304ab50,visit
1450533442,1,426da729-1c9a-4705-ba95-81609304ab50,visit
1450534764,1,426da729-1c9a-4705-ba95-81609304ab50,click
1450535369,1,426da729-1c9a-4705-ba95-81609304ab50,visit
1450544439,1,426da729-1c9a-4705-ba95-81609304ab50,click
1450545206,1,426da729-1c9a-4705-ba95-81609304ab50,visit
1450546489,1,426da729-1c9a-4705-ba95-81609304ab50,visit
1450548004,1,426da729-1c9a-4705-ba95-81609304ab50,purchase
1450551224,1,426da729-1c9a-4705-ba95-81609304ab50,visit
1450556966,1,426da729-1c9a-4705-ba95-81609304ab50,purchase
1450562982,1,426da729-1c9a-4705-ba95-81609304ab50,purchase
1450566524,1,426da729-1c9a-4705-ba95-81609304ab50,click
1450573387,1,426da729-1c9a-4705-ba95-81609304ab50,visit
1450575405,1,426da729-1c9a-4705-ba95-81609304ab50,purchase
1450575870,1,426da729-1c9a-4705-ba95-81609304ab50,click
1450579523,1,426da729-1c9a-4705-ba95-81609304ab50,click
1450581291,1,426da729-1c9a-4705-ba95-81609304ab50,click
1450581325,1,426da729-1c9a-4705-ba95-81609304ab50,purchase
1450582060,1,426da729-1c9a-4705-ba95-81609304ab50,click
1450582556,1,426da729-1c9a-4705-ba95-81609304ab50,visit
1450582738,1,426da729-1c9a-4705-ba95-81609304ab50,purchase
1450587075,1,426da729-1c9a-4705-ba95-81609304ab50,visit
1450505535,1,4c553588-16dc-4337-b6d2-af5cbb0bea9b,visit
1450507459,1,4c553588-16dc-4337-b6d2-af5cbb0bea9b,visit
1450511226,1,4c553588-16dc-4337-b6d2-af5cbb0bea9b,visit
1450512147,1,4c553588-16dc-4337-b6d2-af5cbb0bea9b,purchase
1450514405,1,4c553588-16dc-4337-b6d2-af5cbb0bea9b,purchase
1450521830,1,4c553588-16dc-4337-b6d2-af5cbb0bea9b,purchase
1450522338,1,4c553588-16dc-4337-b6d2-af5cbb0bea9b,visit
1450526315,1,4c553588-16dc-4337-b6d2-af5cbb0bea9b,purchase
1450540274,1,4c553588-16dc-4337-b6d2-af5cbb0bea9b,purchase
1450543946,1,4c553588-16dc-4337-b6d2-af5cbb0bea9b,purchase
1450544325,1,4c553588-16dc-4337-b6d2-af5cbb0bea9b,click
1450544752,1,4c553588-16dc-4337-b6d2-af5cbb0bea9b,purchase
1450547803,1,4c553588-16dc-4337-b6d2-af5cbb0bea9b,visit
1450552719,1,4c553588-16dc-4337-b6d2-af5cbb0bea9b,click
1450555626,1,4c553588-16dc-4337-b6d2-af5cbb0bea9b,purchase
1450558154,1,4c553588-16dc-4337-b6d2-af5cbb0bea9b,click
1450560732,1,4c553588-16dc-4337-b6d2-af5cbb0bea9b,purchase
1450565807,1,4c553588-16dc-4337-b6d2-af5cbb0bea9b,purchase
1450565869,1,4c553588-16dc-4337-b6d2-af5cbb0bea9b,purchase
1450566202,1,4c553588-16dc-4337-b6d2-af5cbb0bea9b,purchase
1450568147,1,4c553588-16dc-4337-b6d2-af5cbb0bea9b,click
1450575213,1,4c553588-16dc-4337-b6d2-af5cbb0bea9b,purchase
1450579555,1,4c553588-16dc-4337-b6d2-af5cbb0bea9b,visit
1450507876,1,58f4c3e2-dd3e-4abc-bfe1-967e43a6d84e,visit
1450513902,1,58f4c3e2-dd3e-4abc-bfe1-967e43a6d84e,visit
1450518688,1,58f4c3e2-dd3e-4abc-bfe1-967e43a6d84e,click
1450520722,1,58f4c3e2-dd3e-4abc-bfe1-967e43a6d84e,visit
1450522585,1,58f4c3e2-dd3e-4abc-bfe1-967e43a6d84e,click
1450524603,1,58f4c3e2-dd3e-4abc-bfe1-967e43a6d84e,visit
1450527337,1,58f4c3e2-dd3e-4abc-bfe1-967e43a6d84e,visit
1450529911,1,58f4c3e2-dd3e-4abc-bfe1-967e43a6d84e,click
1450532738,1,58f4c3e2-dd3e-4abc-bfe1-967e43a6d84e,click
1450534354,1,58f4c3e2-dd3e-4abc-bfe1-967e43a6d84e,click
1450535281,1,58f4c3e2-dd3e-4abc-bfe1-967e43a6d84e,click
1450538361,1,58f4c3e2-dd3e-4abc-bfe1-967e43a6d84e,purchase
1450539081,1,58f4c3e2-dd3e-4abc-bfe1-967e43a6d84e,click
1450542091,1,58f4c3e2-dd3e-4abc-bfe1-967e43a6d84e,visit
1450545397,1,58f4c3e2-dd3e-4abc-bfe1-967e43a6d84e,visit
1450551286,1,58f4c3e2-dd3e-4abc-bfe1-967e43a6d84e,visit
1450552513,1,58f4c3e2-dd3e-4abc-bfe1-967e43a6d84e,purchase
1450554125,1,58f4c3e2-dd3e-4abc-bfe1-967e43a6d84e,purchase
1450556750,1,58f4c3e2-dd3e-4abc-bfe1-967e43a6d84e,click
1450559463,1,58f4c3e2-dd3e-4abc-bfe1-967e43a6d84e,click
1450559653,1,58f4c3e2-dd3e-4abc-bfe1-967e43a6d84e,purchase
1450561248,1,58f4c3e2-dd3e-4abc-bfe1-967e43a6d84e,click
1450565415,1,58f4c3e2-dd3e-4abc-bfe1-967e43a6d84e,visit
1450567656,1,58f4c3e2-dd3e-4abc-bfe1-967e43a6d84e,visit
1450573785,1,58f4c3e2-dd3e-4abc-bfe1-967e43a6d84e,visit
1450575030,1,58f4c3e2-dd3e-4abc-bfe1-967e43a6d84e,click
1450575154,1,58f4c3e2-dd3e-4abc-bfe1-967e43a6d84e,visit
1450577129,1,58f4c3e2-dd3e-4abc-bfe1-967e43a6d84e,click
1450582478,1,58f4c3e2-dd3e-4abc-bfe1-967e43a6d84e,click
1450582679,1,58f4c3e2-dd3e-4abc-bfe1-967e43a6d84e,visit
1450583036,1,58f4c3e2-dd3e-4abc-bfe1-967e43a6d84e,visit
1450583577,1,58f4c3e2-dd3e-4abc-bfe1-967e43a6d84e,click
1450586249,1,58f4c3e2-dd3e-4abc-bfe1-967e43a6d84e,purchase
1450508901,1,6507f07f-be06-4355-9067-ab7dcba6a895,click
1450519048,1,6507f07f-be06-4355-9067-ab7dcba6a895,purchase
1450519844,1,6507f07f-be06-4355-9067-ab7dcba6a895,purchase
1450521266,1,6507f07f-be06-4355-9067-ab7dcba6a895,click
1450527786,1,6507f07f-be06-4355-9067-ab7dcba6a895,visit
1450527952,1,6507f07f-be06-4355-9067-ab7dcba6a895,visit
1450530232,1,6507f07f-be06-4355-9067-ab7dcba6a895,click
1450531844,1,6507f07f-be06-4355-9067-ab7dcba6a895,click
1450531895,1,6507f07f-be06-4355-9067-ab7dcba6a895,visit
1450540749,1,6507f07f-be06-4355-9067-ab7dcba6a895,click
1450542737,1,6507f07f-be06-4355-9067-ab7dcba6a895,click
1450543669,1,6507f07f-be06-4355-9067-ab7dcba6a895,purchase
1450549483,1,6507f07f-be06-4355-9067-ab7dcba6a895,purchase
1450551418,1,6507f07f-be06-4355-9067-ab7dcba6a895,visit
1450552279,1,6507f07f-be06-4355-9067-ab7dcba6a895,click
1450555965,1,6507f07f-be06-4355-9067-ab7dcba6a895,visit
1450556148,1,6507f07f-be06-4355-9067-ab7dcba6a895,visit
1450557758,1,6507f07f-be06-4355-9067-ab7dcba6a895,purchase
1450559207,1,6507f07f-be06-4355-9067-ab7dcba6a895,purchase
1450559924,1,6507f07f-be06-4355-9067-ab7dcba6a895,visit
1450563946,1,6507f07f-be06-4355-9067-ab7dcba6a895,click
1450565853,1,6507f07f-be06-4355-9067-ab7dcba6a895,purchase
1450568565,1,6507f07f-be06-4355-9067-ab7dcba6a895,click
1450573440,1,6507f07f-be06-4355-9067-ab7dcba6a895,click
1450575691,1,6507f07f-be06-4355-9067-ab7dcba6a895,visit
1450577509,1,6507f07f-be06-4355-9067-ab7dcba6a895,visit
1450578122,1,6507f07f-be06-4355-9067-ab7dcba6a895,purchase
1450581932,1,6507f07f-be06-4355-9067-ab7dcba6a895,click
1450586248,1,6507f07f-be06-4355-9067-ab7dcba6a895,purchase
1450508659,1,7c141314-7b8a-48b5-845d-821fcbafed53,visit
1450522012,1,7c141314-7b8a-48b5-845d-821fcbafed53,visit
1450522473,1,7c141314-7b8a-48b5-845d-821fcbafed53,visit
1450525604,1,7c141314-7b8a-48b5-845d-821fcbafed53,purchase
1450529052,1,7c141314-7b8a-48b5-845d-821fcbafed53,visit
1450530623,1,7c141314-7b8a-48b5-845d-821fcbafed53,purchase
1450541718,1,7c141314-7b8a-48b5-845d-821fcbafed53,purchase
1450544203,1,7c141314-7b8a-48b5-845d-821fcbafed53,visit
1450546577,1,7c141314-7b8a-48b5-845d-821fcbafed53,visit
1450548549,1,7c141314-7b8a-48b5-845d-821fcbafed53,purchase
1450549357,1,7c141314-7b8a-48b5-845d-821fcbafed53,visit
1450549455,1,7c141314-7b8a-48b5-845d-821fcbafed53,click
1450552054,1,7c141314-7b8a-48b5-845d-821fcbafed53,click
1450554712,1,7c141314-7b8a-48b5-845d-821fcbafed53,purchase
1450563519,1,7c141314-7b8a-48b5-845d-821fcbafed53,click
1450564656,1,7c141314-7b8a-48b5-845d-821fcbafed53,visit
1450567380,1,7c141314-7b8a-48b5-845d-821fcbafed53,click
1450570202,1,7c141314-7b8a-48b5-845d-821fcbafed53,purchase
1450571269,1,7c141314-7b8a-48b5-845d-821fcbafed53,purchase
1450578850,1,7c141314-7b8a-48b5-845d-821fcbafed53,purchase
1450580834,1,7c141314-7b8a-48b5-845d-821fcbafed53,purchase
1450582875,1,7c141314-7b8a-48b5-845d-821fcbafed53,click
1450511882,1,7fe40811-7d3b-42b9-83ff-58eee06859d9,visit
1450513884,1,7fe40811-7d3b-42b9-83ff-58eee06859d9,visit
1450516504,1,7fe40811-7d3b-42b9-83ff-58eee06859d9,visit
1450516774,1,7fe40811-7d3b-42b9-83ff-58eee06859d9,purchase
1450516984,1,7fe40811-7d3b-42b9-83ff-58eee06859d9,purchase
1450522654,1,7fe40811-7d3b-42b9-83ff-58eee06859d9,visit
1450523685,1,7fe40811-7d3b-42b9-83ff-58eee06859d9,visit
1450527945,1,7fe40811-7d3b-42b9-83ff-58eee06859d9,click
1450528830,1,7fe40811-7d3b-42b9-83ff-58eee06859d9,click
1450530675,1,7fe40811-7d3b-42b9-83ff-58eee06859d9,visit
1450532406,1,7fe40811-7d3b-42b9-83ff-58eee06859d9,purchase
1450536756,1,7fe40811-7d3b-42b9-83ff-58eee06859d9,visit
1450538760,1,7fe40811-7d3b-42b9-83ff-58eee06859d9,purchase
1450541305,1,7fe40811-7d3b-42b9-83ff-58eee06859d9,click
1450541437,1,7fe40811-7d3b-42b9-83ff-58eee06859d9,purchase
1450542686,1,7fe40811-7d3b-42b9-83ff-58eee06859d9,visit
1450544668,1,7fe40811-7d3b-42b9-83ff-58eee06859d9,purchase
1450553941,1,7fe40811-7d3b-42b9-83ff-58eee06859d9,purchase
1450555309,1,7fe40811-7d3b-42b9-83ff-58eee06859d9,purchase
1450555671,1,7fe40811-7d3b-42b9-83ff-58eee06859d9,visit
1450557541,1,7fe40811-7d3b-42b9-83ff-58eee06859d9,visit
1450559545,1,7fe40811-7d3b-42b9-83ff-58eee06859d9,purchase
1450564105,1,7fe40811-7d3b-42b9-83ff-58eee06859d9,click
1450565650,1,7fe40811-7d3b-42b9-83ff-58eee06859d9,click
1450565956,1,7fe40811-7d3b-42b9-83ff-58eee06859d9,visit
1450568471,1,7fe40811-7d3b-42b9-83ff-58eee06859d9,visit
1450569241,1,7fe40811-7d3b-42b9-83ff-58eee06859d9,purchase
1450570105,1,7fe40811-7d3b-42b9-83ff-58eee06859d9,click
1450571562,1,7fe40811-7d3b-42b9-83ff-58eee06859d9,purchase
1450574018,1,7fe40811-7d3b-42b9-83ff-58eee06859d9,purchase
1450576566,1,7fe40811-7d3b-42b9-83ff-58eee06859d9,purchase
1450577497,1,7fe40811-7d3b-42b9-83ff-58eee06859d9,click
1450578569,1,7fe40811-7d3b-42b9-83ff-58eee06859d9,click
1450580088,1,7fe40811-7d3b-42b9-83ff-58eee06859d9,visit
1450583779,1,7fe40811-7d3b-42b9-83ff-58eee06859d9,visit
1450584439,1,7fe40811-7d3b-42b9-83ff-58eee06859d9,visit
1450585733,1,7fe40811-7d3b-42b9-83ff-58eee06859d9,purchase
1450587433,1,7fe40811-7d3b-42b9-83ff-58eee06859d9,visit
1450514196,1,9e577b56-47a2-4d6b-9754-baadb0472b79,click
1450520206,1,9e577b56-47a2-4d6b-9754-baadb0472b79,click
1450520741,1,9e577b56-47a2-4d6b-9754-baadb0472b79,visit
1450524713,1,9e577b56-47a2-4d6b-9754-baadb0472b79,visit
1450525700,1,9e577b56-47a2-4d6b-9754-baadb0472b79,purchase
1450528599,1,9e577b56-47a2-4d6b-9754-baadb0472b79,purchase
1450530187,1,9e577b56-47a2-4d6b-9754-baadb0472b79,visit
1450531032,1,9e577b56-47a2-4d6b-9754-baadb0472b79,purchase
1450532421,1,9e577b56-47a2-4d6b-9754-baadb0472b79,purchase
1450534355,1,9e577b56-47a2-4d6b-9754-baadb0472b79,click
1450536474,1,9e577b56-47a2-4d6b-9754-baadb0472b79,visit
1450538998,1,9e577b56-47a2-4d6b-9754-baadb0472b79,visit
1450539404,1,9e577b56-47a2-4d6b-9754-baadb0472b79,purchase
1450543011,1,9e577b56-47a2-4d6b-9754-baadb0472b79,click
1450544354,1,9e577b56-47a2-4d6b-9754-baadb0472b79,purchase
1450547807,1,9e577b56-47a2-4d6b-9754-baadb0472b79,click
1450547876,1,9e577b56-47a2-4d6b-9754-baadb0472b79,click
1450550093,1,9e577b56-47a2-4d6b-9754-baadb0472b79,visit
1450550667,1,9e577b56-47a2-4d6b-9754-baadb0472b79,purchase
1450551710,1,9e577b56-47a2-4d6b-9754-baadb0472b79,visit
1450552043,1,9e577b56-47a2-4d6b-9754-baadb0472b79,visit
1450553360,1,9e577b56-47a2-4d6b-9754-baadb0472b79,click
1450555112,1,9e577b56-47a2-4d6b-9754-baadb0472b79,purchase
1450557147,1,9e577b56-47a2-4d6b-9754-baadb0472b79,visit
1450559030,1,9e577b56-47a2-4d6b-9754-baadb0472b79,click
1450561332,1,9e577b56-47a2-4d6b-9754-baadb0472b79,purchase
1450562361,1,9e577b56-47a2-4d6b-9754-baadb0472b79,visit
1450566262,1,9e577b56-47a2-4d6b-9754-baadb0472b79,click
1450571779,1,9e577b56-47a2-4d6b-9754-baadb0472b79,click
1450572698,1,9e577b56-47a2-4d6b-9754-baadb0472b79,click
1450576856,1,9e577b56-47a2-4d6b-9754-baadb0472b79,purchase
1450576910,1,9e577b56-47a2-4d6b-9754-baadb0472b79,click
1450577023,1,9e577b56-47a2-4d6b-9754-baadb0472b79,visit
1450579678,1,9e577b56-47a2-4d6b-9754-baadb0472b79,click
1450582751,1,9e577b56-47a2-4d6b-9754-baadb0472b79,visit
1450583023,1,9e577b56-47a2-4d6b-9754-baadb0472b79,click
1450583513,1,9e577b56-47a2-4d6b-9754-baadb0472b79,click
1450584782,1,9e577b56-47a2-4d6b-9754-baadb0472b79,purchase
1450587322,1,9e577b56-47a2-4d6b-9754-baadb0472b79,visit
1450517122,1,a4bc67e6-9c4a-4e55-9d76-c3a19bcc225e,click
1450520138,1,a4bc67e6-9c4a-4e55-9d76-c3a19bcc225e,purchase
1450522607,1,a4bc67e6-9c4a-4e55-9d76-c3a19bcc225e,click
1450524752,1,a4bc67e6-9c4a-4e55-9d76-c3a19bcc225e,visit
1450531181,1,a4bc67e6-9c4a-4e55-9d76-c3a19bcc225e,visit
1450534384,1,a4bc67e6-9c4a-4e55-9d76-c3a19bcc225e,visit
1450536012,1,a4bc67e6-9c4a-4e55-9d76-c3a19bcc225e,purchase
1450537609,1,a4bc67e6-9c4a-4e55-9d76-c3a19bcc225e,click
1450539210,1,a4bc67e6-9c4a-4e55-9d76-c3a19bcc225e,purchase
1450540794,1,a4bc67e6-9c4a-4e55-9d76-c3a19bcc225e,visit
1450540877,1,a4bc67e6-9c4a-4e55-9d76-c3a19bcc225e,purchase
1450542199,1,a4bc67e6-9c4a-4e55-9d76-c3a19bcc225e,visit
1450546407,1,a4bc67e6-9c4a-4e55-9d76-c3a19bcc225e,purchase
1450550909,1,a4bc67e6-9c4a-4e55-9d76-c3a19bcc225e,purchase
1450552888,1,a4bc67e6-9c4a-4e55-9d76-c3a19bcc225e,click
1450553016,1,a4bc67e6-9c4a-4e55-9d76-c3a19bcc225e,visit
1450553232,1,a4bc67e6-9c4a-4e55-9d76-c3a19bcc225e,click
1450553904,1,a4bc67e6-9c4a-4e55-9d76-c3a19bcc225e,visit
1450561771,1,a4bc67e6-9c4a-4e55-9d76-c3a19bcc225e,visit
1450562279,1,a4bc67e6-9c4a-4e55-9d76-c3a19bcc225e,purchase
1450566894,1,a4bc67e6-9c4a-4e55-9d76-c3a19bcc225e,click
1450573994,1,a4bc67e6-9c4a-4e55-9d76-c3a19bcc225e,click
1450578304,1,a4bc67e6-9c4a-4e55-9d76-c3a19bcc225e,purchase
1450581558,1,a4bc67e6-9c4a-4e55-9d76-c3a19bcc225e,click
1450582843,1,a4bc67e6-9c4a-4e55-9d76-c3a19bcc225e,purchase
1450584195,1,a4bc67e6-9c4a-4e55-9d76-c3a19bcc225e,visit
1450584909,1,a4bc67e6-9c4a-4e55-9d76-c3a19bcc225e,purchase
1450587394,1,a4bc67e6-9c4a-4e55-9d76-c3a19bcc225e,purchase
1450502763,1,c51f66c9-9de0-457a-8f5d-4188b48c3e12,purchase
1450504241,1,c51f66c9-9de0-457a-8f5d-4188b48c3e12,purchase
1450511348,1,c51f66c9-9de0-457a-8f5d-4188b48c3e12,purchase
1450512424,1,c51f66c9-9de0-457a-8f5d-4188b48c3e12,purchase
1450512885,1,c51f66c9-9de0-457a-8f5d-4188b48c3e12,purchase
1450515383,1,c51f66c9-9de0-457a-8f5d-4188b48c3e12,purchase
1450520417,1,c51f66c9-9de0-457a-8f5d-4188b48c3e12,visit
1450521037,1,c51f66c9-9de0-457a-8f5d-4188b48c3e12,visit
1450534227,1,c51f66c9-9de0-457a-8f5d-4188b48c3e12,click
1450535025,1,c51f66c9-9de0-457a-8f5d-4188b48c3e12,visit
1450538403,1,c51f66c9-9de0-457a-8f5d-4188b48c3e12,purchase
1450538480,1,c51f66c9-9de0-457a-8f5d-4188b48c3e12,purchase
1450538541,1,c51f66c9-9de0-457a-8f5d-4188b48c3e12,purchase
1450540321,1,c51f66c9-9de0-457a-8f5d-4188b48c3e12,click
1450543414,1,c51f66c9-9de0-457a-8f5d-4188b48c3e12,purchase
1450543582,1,c51f66c9-9de0-457a-8f5d-4188b48c3e12,purchase
1450544302,1,c51f66c9-9de0-457a-8f5d-4188b48c3e12,visit
1450548099,1,c51f66c9-9de0-457a-8f5d-4188b48c3e12,visit
1450550526,1,c51f66c9-9de0-457a-8f5d-4188b48c3e12,visit
1450551035,1,c51f66c9-9de0-457a-8f5d-4188b48c3e12,visit
1450551723,1,c51f66c9-9de0-457a-8f5d-4188b48c3e12,purchase
1450553065,1,c51f66c9-9de0-457a-8f5d-4188b48c3e12,purchase
1450556479,1,c51f66c9-9de0-457a-8f5d-4188b48c3e12,visit
1450557665,1,c51f66c9-9de0-457a-8f5d-4188b48c3e12,purchase
1450558297,1,c51f66c9-9de0-457a-8f5d-4188b48c3e12,click
1450558374,1,c51f66c9-9de0-457a-8f5d-4188b48c3e12,click
1450558932,1,c51f66c9-9de0-457a-8f5d-4188b48c3e12,purchase
1450565908,1,c51f66c9-9de0-457a-8f5d-4188b48c3e12,purchase
1450575197,1,c51f66c9-9de0-457a-8f5d-4188b48c3e12,click
1450575870,1,c51f66c9-9de0-457a-8f5d-4188b48c3e12,visit
1450577817,1,c51f66c9-9de0-457a-8f5d-4188b48c3e12,click
1450580631,1,c51f66c9-9de0-457a-8f5d-4188b48c3e12,click
1450586447,1,c51f66c9-9de0-457a-8f5d-4188b48c3e12,visit
1450587305,1,c51f66c9-9de0-457a-8f5d-4188b48c3e12,purchase
1450509578,2,0adb6ada-6978-4d95-801f-b03289a6c12c,purchase
1450511500,2,0adb6ada-6978-4d95-801f-b03289a6c12c,click
1450514335,2,0adb6ada-6978-4d95-801f-b03289a6c12c,click
1450525610,2,0adb6ada-6978-4d95-801f-b03289a6c12c,click
1450527488,2,0adb6ada-6978-4d95-801f-b03289a6c12c,click
1450529409,2,0adb6ada-6978-4d95-801f-b03289a6c12c,purchase
1450533277,2,0adb6ada-6978-4d95-801f-b03289a6c12c,visit
1450535036,2,0adb6ada-6978-4d95-801f-b03289a6c12c,purchase
1450542913,2,0adb6ada-6978-4d95-801f-b03289a6c12c,visit
1450548483,2,0adb6ada-6978-4d95-801f-b03289a6c12c,click
1450548809,2,0adb6ada-6978-4d95-801f-b03289a6c12c,visit
1450554446,2,0adb6ada-6978-4d95-801f-b03289a6c12c,visit
1450561009,2,0adb6ada-6978-4d95-801f-b03289a6c12c,visit
1450566631,2,0adb6ada-6978-4d95-801f-b03289a6c12c,purchase
1450567407,2,0adb6ada-6978-4d95-801f-b03289a6c12c,purchase
1450569498,2,0adb6ada-6978-4d95-801f-b03289a6c12c,purchase
1450571744,2,0adb6ada-6978-4d95-801f-b03289a6c12c,click
1450574470,2,0adb6ada-6978-4d95-801f-b03289a6c12c,visit
1450575735,2,0adb6ada-6978-4d95-801f-b03289a6c12c,visit
1450577577,2,0adb6ada-6978-4d95-801f-b03289a6c12c,visit
1450577955,2,0adb6ada-6978-4d95-801f-b03289a6c12c,visit
1450579474,2,0adb6ada-6978-4d95-801f-b03289a6c12c,purchase
1450580745,2,0adb6ada-6978-4d95-801f-b03289a6c12c,visit
1450584665,2,0adb6ada-6978-4d95-801f-b03289a6c12c,purchase
1450585790,2,0adb6ada-6978-4d95-801f-b03289a6c12c,purchase
1450503494,2,426da729-1c9a-4705-ba95-81609304ab50,visit
1450508277,2,426da729-1c9a-4705-ba95-81609304ab50,visit
1450508361,2,426da729-1c9a-4705-ba95-81609304ab50,visit
1450510185,2,426da729-1c9a-4705-ba95-81609304ab50,visit
1450519723,2,426da729-1c9a-4705-ba95-81609304ab50,click
1450521102,2,426da729-1c9a-4705-ba95-81609304ab50,purchase
1450528321,2,426da729-1c9a-4705-ba95-81609304ab50,click
1450534582,2,426da729-1c9a-4705-ba95-81609304ab50,visit
1450535577,2,426da729-1c9a-4705-ba95-81609304ab50,purchase
1450536916,2,426da729-1c9a-4705-ba95-81609304ab50,click
1450542874,2,426da729-1c9a-4705-ba95-81609304ab50,purchase
1450548444,2,426da729-1c9a-4705-ba95-81609304ab50,purchase
1450550753,2,426da729-1c9a-4705-ba95-81609304ab50,click
1450555841,2,426da729-1c9a-4705-ba95-81609304ab50,purchase
1450561653,2,426da729-1c9a-4705-ba95-81609304ab50,click
1450562177,2,426da729-1c9a-4705-ba95-81609304ab50,visit
1450572270,2,426da729-1c9a-4705-ba95-81609304ab50,click
1450572750,2,426da729-1c9a-4705-ba95-81609304ab50,click
1450574127,2,426da729-1c9a-4705-ba95-81609304ab50,purchase
1450577447,2,426da729-1c9a-4705-ba95-81609304ab50,click
1450577490,2,426da729-1c9a-4705-ba95-81609304ab50,purchase
1450586845,2,426da729-1c9a-4705-ba95-81609304ab50,purchase
1450505535,2,4c553588-16dc-4337-b6d2-af5cbb0bea9b,click
1450508105,2,4c553588-16dc-4337-b6d2-af5cbb0bea9b,click
1450519106,2,4c553588-16dc-4337-b6d2-af5cbb0bea9b,visit
1450522740,2,4c553588-16dc-4337-b6d2-af5cbb0bea9b,visit
1450523244,2,4c553588-16dc-4337-b6d2-af5cbb0bea9b,visit
1450524138,2,4c553588-16dc-4337-b6d2-af5cbb0bea9b,purchase
1450524217,2,4c553588-16dc-4337-b6d2-af5cbb0bea9b,purchase
1450532698,2,4c553588-16dc-4337-b6d2-af5cbb0bea9b,purchase
1450533186,2,4c553588-16dc-4337-b6d2-af5cbb0bea9b,purchase
1450533248,2,4c553588-16dc-4337-b6d2-af5cbb0bea9b,visit
1450533686,2,4c553588-16dc-4337-b6d2-af5cbb0bea9b,click
1450543410,2,4c553588-16dc-4337-b6d2-af5cbb0bea9b,purchase
1450547275,2,4c553588-16dc-4337-b6d2-af5cbb0bea9b,visit
1450549347,2,4c553588-16dc-4337-b6d2-af5cbb0bea9b,visit
1450550653,2,4c553588-16dc-4337-b6d2-af5cbb0bea9b,purchase
1450552683,2,4c553588-16dc-4337-b6d2-af5cbb0bea9b,visit
1450553078,2,4c553588-16dc-4337-b6d2-af5cbb0bea9b,visit
1450555815,2,4c553588-16dc-4337-b6d2-af5cbb0bea9b,visit
1450558963,2,4c553588-16dc-4337-b6d2-af5cbb0bea9b,purchase
1450560098,2,4c553588-16dc-4337-b6d2-af5cbb0bea9b,purchase
1450567972,2,4c553588-16dc-4337-b6d2-af5cbb0bea9b,visit
1450575029,2,4c553588-16dc-4337-b6d2-af5cbb0bea9b,purchase
1450575850,2,4c553588-16dc-4337-b6d2-af5cbb0bea9b,visit
1450576462,2,4c553588-16dc-4337-b6d2-af5cbb0bea9b,click
1450578284,2,4c553588-16dc-4337-b6d2-af5cbb0bea9b,visit
1450581699,2,4c553588-16dc-4337-b6d2-af5cbb0bea9b,click
1450581966,2,4c553588-16dc-4337-b6d2-af5cbb0bea9b,click
1450584335,2,4c553588-16dc-4337-b6d2-af5cbb0bea9b,purchase
1450516193,2,58f4c3e2-dd3e-4abc-bfe1-967e43a6d84e,click
1450517304,2,58f4c3e2-dd3e-4abc-bfe1-967e43a6d84e,purchase
1450519407,2,58f4c3e2-dd3e-4abc-bfe1-967e43a6d84e,visit
1450521363,2,58f4c3e2-dd3e-4abc-bfe1-967e43a6d84e,purchase
1450524069,2,58f4c3e2-dd3e-4abc-bfe1-967e43a6d84e,visit
1450526413,2,58f4c3e2-dd3e-4abc-bfe1-967e43a6d84e,visit
1450527437,2,58f4c3e2-dd3e-4abc-bfe1-967e43a6d84e,click
1450531058,2,58f4c3e2-dd3e-4abc-bfe1-967e43a6d84e,purchase
1450531776,2,58f4c3e2-dd3e-4abc-bfe1-967e43a6d84e,visit
1450535930,2,58f4c3e2-dd3e-4abc-bfe1-967e43a6d84e,click
1450536781,2,58f4c3e2-dd3e-4abc-bfe1-967e43a6d84e,click
1450541165,2,58f4c3e2-dd3e-4abc-bfe1-967e43a6d84e,click
1450541448,2,58f4c3e2-dd3e-4abc-bfe1-967e43a6d84e,purchase
1450543597,2,58f4c3e2-dd3e-4abc-bfe1-967e43a6d84e,purchase
1450545382,2,58f4c3e2-dd3e-4abc-bfe1-967e43a6d84e,purchase
1450552377,2,58f4c3e2-dd3e-4abc-bfe1-967e43a6d84e,purchase
1450554613,2,58f4c3e2-dd3e-4abc-bfe1-967e43a6d84e,purchase
1450556103,2,58f4c3e2-dd3e-4abc-bfe1-967e43a6d84e,click
1450559598,2,58f4c3e2-dd3e-4abc-bfe1-967e43a6d84e,visit
1450559943,2,58f4c3e2-dd3e-4abc-bfe1-967e43a6d84e,purchase
1450562028,2,58f4c3e2-dd3e-4abc-bfe1-967e43a6d84e,purchase
1450564543,2,58f4c3e2-dd3e-4abc-bfe1-967e43a6d84e,visit
1450565742,2,58f4c3e2-dd3e-4abc-bfe1-967e43a6d84e,purchase
1450567672,2,58f4c3e2-dd3e-4abc-bfe1-967e43a6d84e,purchase
1450569014,2,58f4c3e2-dd3e-4abc-bfe1-967e43a6d84e,visit
1450572639,2,58f4c3e2-dd3e-4abc-bfe1-967e43a6d84e,click
1450573038,2,58f4c3e2-dd3e-4abc-bfe1-967e43a6d84e,purchase
1450575564,2,58f4c3e2-dd3e-4abc-bfe1-967e43a6d84e,visit
1450585232,2,58f4c3e2-dd3e-4abc-bfe1-967e43a6d84e,visit
1450586084,2,58f4c3e2-dd3e-4abc-bfe1-967e43a6d84e,purchase
1450509423,2,6507f07f-be06-4355-9067-ab7dcba6a895,purchase
1450510820,2,6507f07f-be06-4355-9067-ab7dcba6a895,purchase
1450510986,2,6507f07f-be06-4355-9067-ab7dcba6a895,purchase
1450511922,2,6507f07f-be06-4355-9067-ab7dcba6a895,click
1450513927,2,6507f07f-be06-4355-9067-ab7dcba6a895,click
1450514705,2,6507f07f-be06-4355-9067-ab7dcba6a895,purchase
1450515554,2,6507f07f-be06-4355-9067-ab7dcba6a895,visit
1450517096,2,6507f07f-be06-4355-9067-ab7dcba6a895,visit
1450518024,2,6507f07f-be06-4355-9067-ab7dcba6a895,click
1450518584,2,6507f07f-be06-4355-9067-ab7dcba6a895,visit
1450519985,2,6507f07f-be06-4355-9067-ab7dcba6a895,purchase
1450522233,2,6507f07f-be06-4355-9067-ab7dcba6a895,purchase
1450523625,2,6507f07f-be06-4355-9067-ab7dcba6a895,purchase
1450523904,2,6507f07f-be06-4355-9067-ab7dcba6a895,visit
1450526363,2,6507f07f-be06-4355-9067-ab7dcba6a895,visit
1450528195,2,6507f07f-be06-4355-9067-ab7dcba6a895,visit
1450528361,2,6507f07f-be06-4355-9067-ab7dcba6a895,purchase
1450528780,2,6507f07f-be06-4355-9067-ab7dcba6a895,click
1450533293,2,6507f07f-be06-4355-9067-ab7dcba6a895,click
1450533882,2,6507f07f-be06-4355-9067-ab7dcba6a895,visit
1450534332,2,6507f07f-be06-4355-9067-ab7dcba6a895,purchase
1450534835,2,6507f07f-be06-4355-9067-ab7dcba6a895,visit
1450535270,2,6507f07f-be06-4355-9067-ab7dcba6a895,purchase
1450535597,2,6507f07f-be06-4355-9067-ab7dcba6a895,purchase
1450535763,2,6507f07f-be06-4355-9067-ab7dcba6a895,visit
1450540795,2,6507f07f-be06-4355-9067-ab7dcba6a895,purchase
1450540866,2,6507f07f-be06-4355-9067-ab7dcba6a895,click
1450542139,2,6507f07f-be06-4355-9067-ab7dcba6a895,purchase
1450543931,2,6507f07f-be06-4355-9067-ab7dcba6a895,visit
1450546993,2,6507f07f-be06-4355-9067-ab7dcba6a895,visit
1450547906,2,6507f07f-be06-4355-9067-ab7dcba6a895,click
1450555671,2,6507f07f-be06-4355-9067-ab7dcba6a895,visit
1450556136,2,6507f07f-be06-4355-9067-ab7dcba6a895,visit
1450556250,2,6507f07f-be06-4355-9067-ab7dcba6a895,click
1450556789,2,6507f07f-be06-4355-9067-ab7dcba6a895,visit
1450557088,2,6507f07f-be06-4355-9067-ab7dcba6a895,purchase
1450558390,2,6507f07f-be06-4355-9067-ab7dcba6a895,click
1450563703,2,6507f07f-be06-4355-9067-ab7dcba6a895,purchase
1450564455,2,6507f07f-be06-4355-9067-ab7dcba6a895,click
1450570010,2,6507f07f-be06-4355-9067-ab7dcba6a895,visit
1450575033,2,6507f07f-be06-4355-9067-ab7dcba6a895,visit
1450579034,2,6507f07f-be06-4355-9067-ab7dcba6a895,visit
1450586134,2,6507f07f-be06-4355-9067-ab7dcba6a895,click
1450586637,2,6507f07f-be06-4355-9067-ab7dcba6a895,visit
1450503505,2,7c141314-7b8a-48b5-845d-821fcbafed53,visit
1450505253,2,7c141314-7b8a-48b5-845d-821fcbafed53,visit
1450507124,2,7c141314-7b8a-48b5-845d-821fcbafed53,purchase
1450510869,2,7c141314-7b8a-48b5-845d-821fcbafed53,visit
1450519944,2,7c141314-7b8a-48b5-845d-821fcbafed53,click
1450527872,2,7c141314-7b8a-48b5-845d-821fcbafed53,click
1450530555,2,7c141314-7b8a-48b5-845d-821fcbafed53,visit
1450532631,2,7c141314-7b8a-48b5-845d-821fcbafed53,click
1450533632,2,7c141314-7b8a-48b5-845d-821fcbafed53,click
1450535316,2,7c141314-7b8a-48b5-845d-821fcbafed53,click
1450537040,2,7c141314-7b8a-48b5-845d-821fcbafed53,visit
1450543495,2,7c141314-7b8a-48b5-845d-821fcbafed53,click
1450546139,2,7c141314-7b8a-48b5-845d-821fcbafed53,purchase
1450551450,2,7c141314-7b8a-48b5-845d-821fcbafed53,click
1450552729,2,7c141314-7b8a-48b5-845d-821fcbafed53,purchase
1450556757,2,7c141314-7b8a-48b5-845d-821fcbafed53,visit
1450556995,2,7c141314-7b8a-48b5-845d-821fcbafed53,visit
1450559685,2,7c141314-7b8a-48b5-845d-821fcbafed53,purchase
1450565980,2,7c141314-7b8a-48b5-845d-821fcbafed53,visit
1450567983,2,7c141314-7b8a-48b5-845d-821fcbafed53,click
1450573343,2,7c141314-7b8a-48b5-845d-821fcbafed53,purchase
1450575217,2,7c141314-7b8a-48b5-845d-821fcbafed53,click
1450575309,2,7c141314-7b8a-48b5-845d-821fcbafed53,purchase
1450579959,2,7c141314-7b8a-48b5-845d-821fcbafed53,purchase
1450580509,2,7c141314-7b8a-48b5-845d-821fcbafed53,click
1450581051,2,7c141314-7b8a-48b5-845d-821fcbafed53,visit
1450581619,2,7c141314-7b8a-48b5-845d-821fcbafed53,visit
1450584358,2,7c141314-7b8a-48b5-845d-821fcbafed53,purchase
1450585391,2,7c141314-7b8a-48b5-845d-821fcbafed53,click
1450586977,2,7c141314-7b8a-48b5-845d-821fcbafed53,click
1450503787,2,7fe40811-7d3b-42b9-83ff-58eee06859d9,purchase
1450509076,2,7fe40811-7d3b-42b9-83ff-58eee06859d9,click
1450509453,2,7fe40811-7d3b-42b9-83ff-58eee06859d9,purchase
1450509770,2,7fe40811-7d3b-42b9-83ff-58eee06859d9,visit
1450510522,2,7fe40811-7d3b-42b9-83ff-58eee06859d9,visit
1450518058,2,7fe40811-7d3b-42b9-83ff-58eee06859d9,purchase
1450520681,2,7fe40811-7d3b-42b9-83ff-58eee06859d9,visit
1450523922,2,7fe40811-7d3b-42b9-83ff-58eee06859d9,visit
1450525835,2,7fe40811-7d3b-42b9-83ff-58eee06859d9,click
1450526861,2,7fe40811-7d3b-42b9-83ff-58eee06859d9,visit
1450529925,2,7fe40811-7d3b-42b9-83ff-58eee06859d9,click
1450530577,2,7fe40811-7d3b-42b9-83ff-58eee06859d9,purchase
1450535806,2,7fe40811-7d3b-42b9-83ff-58eee06859d9,click
1450541885,2,7fe40811-7d3b-42b9-83ff-58eee06859d9,click
1450543678,2,7fe40811-7d3b-42b9-83ff-58eee06859d9,purchase
1450543975,2,7fe40811-7d3b-42b9-83ff-58eee06859d9,visit
1450555321,2,7fe40811-7d3b-42b9-83ff-58eee06859d9,visit
1450560446,2,7fe40811-7d3b-42b9-83ff-58eee06859d9,visit
1450562205,2,7fe40811-7d3b-42b9-83ff-58eee06859d9,visit
1450563351,2,7fe40811-7d3b-42b9-83ff-58eee06859d9,visit
1450564848,2,7fe40811-7d3b-42b9-83ff-58eee06859d9,click
1450566455,2,7fe40811-7d3b-42b9-83ff-58eee06859d9,visit
1450568316,2,7fe40811-7d3b-42b9-83ff-58eee06859d9,visit
1450572047,2,7fe40811-7d3b-42b9-83ff-58eee06859d9,click
1450575638,2,7fe40811-7d3b-42b9-83ff-58eee06859d9,visit
1450578481,2,7fe40811-7d3b-42b9-83ff-58eee06859d9,visit
1450579681,2,7fe40811-7d3b-42b9-83ff-58eee06859d9,purchase
1450582622,2,7fe40811-7d3b-42b9-83ff-58eee06859d9,visit
1450583377,2,7fe40811-7d3b-42b9-83ff-58eee06859d9,purchase
1450584058,2,7fe40811-7d3b-42b9-83ff-58eee06859d9,click
1450587422,2,7fe40811-7d3b-42b9-83ff-58eee06859d9,visit
1450587583,2,7fe40811-7d3b-42b9-83ff-58eee06859d9,visit
1450506200,2,9e577b56-47a2-4d6b-9754-baadb0472b79,visit
1450508697,2,9e577b56-47a2-4d6b-9754-baadb0472b79,visit
1450513498,2,9e577b56-47a2-4d6b-9754-baadb0472b79,visit
1450514910,2,9e577b56-47a2-4d6b-9754-baadb0472b79,click
1450522531,2,9e577b56-47a2-4d6b-9754-baadb0472b79,click
1450523396,2,9e577b56-47a2-4d6b-9754-baadb0472b79,visit
1450528726,2,9e577b56-47a2-4d6b-9754-baadb0472b79,click
1450529531,2,9e577b56-47a2-4d6b-9754-baadb0472b79,visit
1450531936,2,9e577b56-47a2-4d6b-9754-baadb0472b79,visit
1450535958,2,9e577b56-47a2-4d6b-9754-baadb0472b79,purchase
1450536258,2,9e577b56-47a2-4d6b-9754-baadb0472b79,visit
1450538823,2,9e577b56-47a2-4d6b-9754-baadb0472b79,visit
1450541017,2,9e577b56-47a2-4d6b-9754-baadb0472b79,purchase
1450541621,2,9e577b56-47a2-4d6b-9754-baadb0472b79,purchase
1450541978,2,9e577b56-47a2-4d6b-9754-baadb0472b79,click
1450542272,2,9e577b56-47a2-4d6b-9754-baadb0472b79,purchase
1450545698,2,9e577b56-47a2-4d6b-9754-baadb0472b79,visit
1450545888,2,9e577b56-47a2-4d6b-9754-baadb0472b79,purchase
1450548546,2,9e577b56-47a2-4d6b-9754-baadb0472b79,purchase
1450557169,2,9e577b56-47a2-4d6b-9754-baadb0472b79,visit
1450557795,2,9e577b56-47a2-4d6b-9754-baadb0472b79,click
1450559455,2,9e577b56-47a2-4d6b-9754-baadb0472b79,purchase
1450560989,2,9e577b56-47a2-4d6b-9754-baadb0472b79,click
1450569369,2,9e577b56-47a2-4d6b-9754-baadb0472b79,visit
1450570723,2,9e577b56-47a2-4d6b-9754-baadb0472b79,click
1450576507,2,9e577b56-47a2-4d6b-9754-baadb0472b79,click
1450579755,2,9e577b56-47a2-4d6b-9754-baadb0472b79,visit
1450581302,2,9e577b56-47a2-4d6b-9754-baadb0472b79,click
1450584281,2,9e577b56-47a2-4d6b-9754-baadb0472b79,click
1450585204,2,9e577b56-47a2-4d6b-9754-baadb0472b79,visit
1450506187,2,a4bc67e6-9c4a-4e55-9d76-c3a19bcc225e,click
1450510744,2,a4bc67e6-9c4a-4e55-9d76-c3a19bcc225e,visit
1450511798,2,a4bc67e6-9c4a-4e55-9d76-c3a19bcc225e,click
1450512017,2,a4bc67e6-9c4a-4e55-9d76-c3a19bcc225e,click
1450514026,2,a4bc67e6-9c4a-4e55-9d76-c3a19bcc225e,click
1450514584,2,a4bc67e6-9c4a-4e55-9d76-c3a19bcc225e,visit
1450522546,2,a4bc67e6-9c4a-4e55-9d76-c3a19bcc225e,visit
1450523928,2,a4bc67e6-9c4a-4e55-9d76-c3a19bcc225e,visit
1450531558,2,a4bc67e6-9c4a-4e55-9d76-c3a19bcc225e,click
1450535189,2,a4bc67e6-9c4a-4e55-9d76-c3a19bcc225e,click
1450536552,2,a4bc67e6-9c4a-4e55-9d76-c3a19bcc225e,click
1450544808,2,a4bc67e6-9c4a-4e55-9d76-c3a19bcc225e,click
1450545875,2,a4bc67e6-9c4a-4e55-9d76-c3a19bcc225e,visit
1450547135,2,a4bc67e6-9c4a-4e55-9d76-c3a19bcc225e,click
1450547292,2,a4bc67e6-9c4a-4e55-9d76-c3a19bcc225e,purchase
1450547903,2,a4bc67e6-9c4a-4e55-9d76-c3a19bcc225e,visit
1450551166,2,a4bc67e6-9c4a-4e55-9d76-c3a19bcc225e,visit
1450555551,2,a4bc67e6-9c4a-4e55-9d76-c3a19bcc225e,click
1450555921,2,a4bc67e6-9c4a-4e55-9d76-c3a19bcc225e,visit
1450558166,2,a4bc67e6-9c4a-4e55-9d76-c3a19bcc225e,purchase
1450558917,2,a4bc67e6-9c4a-4e55-9d76-c3a19bcc225e,click
1450563526,2,a4bc67e6-9c4a-4e55-9d76-c3a19bcc225e,click
1450564327,2,a4bc67e6-9c4a-4e55-9d76-c3a19bcc225e,purchase
1450565667,2,a4bc67e6-9c4a-4e55-9d76-c3a19bcc225e,purchase
1450566722,2,a4bc67e6-9c4a-4e55-9d76-c3a19bcc225e,purchase
1450582914,2,a4bc67e6-9c4a-4e55-9d76-c3a19bcc225e,purchase
1450583292,2,a4bc67e6-9c4a-4e55-9d76-c3a19bcc225e,visit
1450584363,2,a4bc67e6-9c4a-4e55-9d76-c3a19bcc225e,purchase
1450584426,2,a4bc67e6-9c4a-4e55-9d76-c3a19bcc225e,purchase
1450587384,2,a4bc67e6-9c4a-4e55-9d76-c3a19bcc225e,visit
1450508542,2,c51f66c9-9de0-457a-8f5d-4188b48c3e12,visit
1450519978,2,c51f66c9-9de0-457a-8f5d-4188b48c3e12,visit
1450520596,2,c51f66c9-9de0-457a-8f5d-4188b48c3e12,click
1450521068,2,c51f66c9-9de0-457a-8f5d-4188b48c3e12,visit
1450523223,2,c51f66c9-9de0-457a-8f5d-4188b48c3e12,click
1450523741,2,c51f66c9-9de0-457a-8f5d-4188b48c3e12,visit
1450524653,2,c51f66c9-9de0-457a-8f5d-4188b48c3e12,purchase
1450529575,2,c51f66c9-9de0-457a-8f5d-4188b48c3e12,purchase
1450531899,2,c51f66c9-9de0-457a-8f5d-4188b48c3e12,purchase
1450536982,2,c51f66c9-9de0-457a-8f5d-4188b48c3e12,visit
1450543617,2,c51f66c9-9de0-457a-8f5d-4188b48c3e12,visit
1450546921,2,c51f66c9-9de0-457a-8f5d-4188b48c3e12,visit
1450552803,2,c51f66c9-9de0-457a-8f5d-4188b48c3e12,click
1450553631,2,c51f66c9-9de0-457a-8f5d-4188b48c3e12,click
1450554540,2,c51f66c9-9de0-457a-8f5d-4188b48c3e12,visit
1450558204,2,c51f66c9-9de0-457a-8f5d-4188b48c3e12,purchase
1450558724,2,c51f66c9-9de0-457a-8f5d-4188b48c3e12,visit
1450560424,2,c51f66c9-9de0-457a-8f5d-4188b48c3e12,click
1450564048,2,c51f66c9-9de0-457a-8f5d-4188b48c3e12,purchase
1450566444,2,c51f66c9-9de0-457a-8f5d-4188b48c3e12,purchase
1450567315,2,c51f66c9-9de0-457a-8f5d-4188b48c3e12,purchase
1450570598,2,c51f66c9-9de0-457a-8f5d-4188b48c3e12,click
1450585672,2,c51f66c9-9de0-457a-8f5d-4188b48c3e12,purchase
